{"train/loss": 0.859, "train/grad_norm": 0.5197310724573215, "train/learning_rate": 0.0001, "train/epoch": 3.0, "train/global_step": 8211, "_timestamp": 1733897542.0729928, "_runtime": 32062.342149734497, "_step": 16, "train_runtime": 32063.2988, "train_samples_per_second": 8.194, "train_steps_per_second": 0.256, "total_flos": 38431332237312.0, "train_loss": 0.9939358216112532, "_wandb": {"runtime": 32062}}