{"train/loss": 1.4528, "train/grad_norm": 0.49970971498826444, "train/learning_rate": 0.0001, "train/epoch": 3.0, "train/global_step": 1347, "_timestamp": 1733785922.7914252, "_runtime": 5330.165884256363, "_step": 2, "train_runtime": 5506.1624, "train_samples_per_second": 7.82, "train_steps_per_second": 0.245, "total_flos": 6298513440768.0, "train_loss": 1.496148849294729, "_wandb": {"runtime": 5329}}