{"train_runtime": 479.7599, "train_samples_per_second": 6.253, "train_steps_per_second": 0.2, "total_flos": 438829056000.0, "train_loss": 1.7345377604166667, "train/epoch": 3.0, "train/global_step": 96, "_timestamp": 1734036698.070463, "_runtime": 478.7925388813019, "_step": 0, "_wandb": {"runtime": 478}}