{"train_runtime": 481.2311, "train_samples_per_second": 6.234, "train_steps_per_second": 0.199, "total_flos": 438829056000.0, "train_loss": 1.7345377604166667, "train/epoch": 3.0, "train/global_step": 96, "_timestamp": 1734037637.450369, "_runtime": 480.23851895332336, "_step": 0, "_wandb": {"runtime": 480}}